Workbook

Sheet Instructions
A1: Device QC Checklist & Inventory Tracker
A3: How to use:
A4: 1. Add one row per device in the QC Log sheet (blue-text columns are inputs; dropdowns restrict values).
A5: 2. QC Result is calculated automatically from the checklist: Pass only if every check is Yes/Good; otherwise Fail.
A6: 3. The Inventory sheet pulls each device's latest QC result and shows its status automatically.
A7: 4. The Summary sheet counts devices checked, pass/fail and pending per device type.
A9: Note: Rows 1-8 in QC Log are SAMPLE data to show the format. Delete or overwrite them with your own entries.
A10: Assumption: Pass rule = Condition is Good AND Powers On = Yes AND Settings Verified = Yes AND Accessories Complete = Yes.

Sheet QC Log
A1: Device ID | B1: Device Type | C1: Brand / Model | D1: Date Checked | E1: Physical Condition | F1: Powers On / Works | G1: Settings Verified | H1: Accessories Complete | I1: QC Result | J1: Remarks
A2: DV-001 | B2: Phone | C2: Samsung Galaxy A14 | D2: 46307 | E2: Good | F2: Yes | G2: Yes | H2: Yes | I2: =IF(A2="","",IF(OR(E2="",F2="",G2="",H2=""),"Pending",IF(AND(E2="Good",F2="Yes",G2="Yes",H2="Yes"),"Pass","Fail"))) -> Pass
A3: DV-002 | B3: Phone | C3: Redmi Note 12 | D3: 46307 | E3: Minor Damage | F3: Yes | G3: Yes | H3: Yes | I3: =IF(A3="","",IF(OR(E3="",F3="",G3="",H3=""),"Pending",IF(AND(E3="Good",F3="Yes",G3="Yes",H3="Yes"),"Pass","Fail"))) -> Fail | J3: Scratch on back panel
A4: DV-003 | B4: Camera | C4: Canon EOS 1500D | D4: 46308 | E4: Good | F4: Yes | G4: Yes | H4: Yes | I4: =IF(A4="","",IF(OR(E4="",F4="",G4="",H4=""),"Pending",IF(AND(E4="Good",F4="Yes",G4="Yes",H4="Yes"),"Pass","Fail"))) -> Pass
A5: DV-004 | B5: Camera | C5: GoPro Hero 9 | D5: 46308 | E5: Good | F5: No | G5: No | H5: Yes | I5: =IF(A5="","",IF(OR(E5="",F5="",G5="",H5=""),"Pending",IF(AND(E5="Good",F5="Yes",G5="Yes",H5="Yes"),"Pass","Fail"))) -> Fail | J5: Does not power on
A6: DV-005 | B6: SD Card | C6: SanDisk 64GB | D6: 46309 | E6: Good | F6: Yes | G6: Yes | H6: Yes | I6: =IF(A6="","",IF(OR(E6="",F6="",G6="",H6=""),"Pending",IF(AND(E6="Good",F6="Yes",G6="Yes",H6="Yes"),"Pass","Fail"))) -> Pass
A7: DV-006 | B7: SD Card | C7: Kingston 32GB | D7: 46309 | E7: Good | F7: Yes | G7: Yes | H7: Yes | I7: =IF(A7="","",IF(OR(E7="",F7="",G7="",H7=""),"Pending",IF(AND(E7="Good",F7="Yes",G7="Yes",H7="Yes"),"Pass","Fail"))) -> Pass
A8: DV-007 | B8: Cable | C8: USB-C to USB-A | D8: 46309 | E8: Damaged | F8: No | G8: Yes | H8: Yes | I8: =IF(A8="","",IF(OR(E8="",F8="",G8="",H8=""),"Pending",IF(AND(E8="Good",F8="Yes",G8="Yes",H8="Yes"),"Pass","Fail"))) -> Fail | J8: Frayed connector
A9: DV-008 | B9: Accessory | C9: Tripod Stand | D9: 46310 | E9: Good | F9: Yes | G9: Yes | H9: No | I9: =IF(A9="","",IF(OR(E9="",F9="",G9="",H9=""),"Pending",IF(AND(E9="Good",F9="Yes",G9="Yes",H9="Yes"),"Pass","Fail"))) -> Fail | J9: Mounting plate missing
I10: =IF(A10="","",IF(OR(E10="",F10="",G10="",H10=""),"Pending",IF(AND(E10="Good",F10="Yes",G10="Yes",H10="Yes"),"Pass","Fail")))
I11: =IF(A11="","",IF(OR(E11="",F11="",G11="",H11=""),"Pending",IF(AND(E11="Good",F11="Yes",G11="Yes",H11="Yes"),"Pass","Fail")))
I12: =IF(A12="","",IF(OR(E12="",F12="",G12="",H12=""),"Pending",IF(AND(E12="Good",F12="Yes",G12="Yes",H12="Yes"),"Pass","Fail")))
I13: =IF(A13="","",IF(OR(E13="",F13="",G13="",H13=""),"Pending",IF(AND(E13="Good",F13="Yes",G13="Yes",H13="Yes"),"Pass","Fail")))
I14: =IF(A14="","",IF(OR(E14="",F14="",G14="",H14=""),"Pending",IF(AND(E14="Good",F14="Yes",G14="Yes",H14="Yes"),"Pass","Fail")))
I15: =IF(A15="","",IF(OR(E15="",F15="",G15="",H15=""),"Pending",IF(AND(E15="Good",F15="Yes",G15="Yes",H15="Yes"),"Pass","Fail")))
I16: =IF(A16="","",IF(OR(E16="",F16="",G16="",H16=""),"Pending",IF(AND(E16="Good",F16="Yes",G16="Yes",H16="Yes"),"Pass","Fail")))
I17: =IF(A17="","",IF(OR(E17="",F17="",G17="",H17=""),"Pending",IF(AND(E17="Good",F17="Yes",G17="Yes",H17="Yes"),"Pass","Fail")))
I18: =IF(A18="","",IF(OR(E18="",F18="",G18="",H18=""),"Pending",IF(AND(E18="Good",F18="Yes",G18="Yes",H18="Yes"),"Pass","Fail")))
I19: =IF(A19="","",IF(OR(E19="",F19="",G19="",H19=""),"Pending",IF(AND(E19="Good",F19="Yes",G19="Yes",H19="Yes"),"Pass","Fail")))
I20: =IF(A20="","",IF(OR(E20="",F20="",G20="",H20=""),"Pending",IF(AND(E20="Good",F20="Yes",G20="Yes",H20="Yes"),"Pass","Fail")))
I21: =IF(A21="","",IF(OR(E21="",F21="",G21="",H21=""),"Pending",IF(AND(E21="Good",F21="Yes",G21="Yes",H21="Yes"),"Pass","Fail")))
... I200: =IF(A200="","",IF(OR(E200="",F200="",G200="",H200=""),"Pending",IF(AND(E200="Good",F200="Yes",G200="Yes",H200="Yes"),"Pass","Fail")))

Sheet Inventory
A1: Device ID | B1: Device Type | C1: Brand / Model | D1: Latest QC Result | E1: Status | F1: Location | G1: Last Updated
A2: =IF('QC Log'!A2="","",'QC Log'!A2) -> DV-001 | B2: =IF(A2="","",'QC Log'!B2) -> Phone | C2: =IF(A2="","",'QC Log'!C2) -> Samsung Galaxy A14 | D2: =IF(A2="","",'QC Log'!I2) -> Pass | E2: =IF(A2="","",IF(D2="Pass","Passed",IF(D2="Fail","Rejected","In QC"))) -> Passed | F2: Shelf A1 | G2: =IF(A2="","",'QC Log'!D2) -> 46307
A3: =IF('QC Log'!A3="","",'QC Log'!A3) -> DV-002 | B3: =IF(A3="","",'QC Log'!B3) -> Phone | C3: =IF(A3="","",'QC Log'!C3) -> Redmi Note 12 | D3: =IF(A3="","",'QC Log'!I3) -> Fail | E3: =IF(A3="","",IF(D3="Pass","Passed",IF(D3="Fail","Rejected","In QC"))) -> Rejected | F3: Shelf A1 | G3: =IF(A3="","",'QC Log'!D3) -> 46307
A4: =IF('QC Log'!A4="","",'QC Log'!A4) -> DV-003 | B4: =IF(A4="","",'QC Log'!B4) -> Camera | C4: =IF(A4="","",'QC Log'!C4) -> Canon EOS 1500D | D4: =IF(A4="","",'QC Log'!I4) -> Pass | E4: =IF(A4="","",IF(D4="Pass","Passed",IF(D4="Fail","Rejected","In QC"))) -> Passed | F4: Shelf B2 | G4: =IF(A4="","",'QC Log'!D4) -> 46308
A5: =IF('QC Log'!A5="","",'QC Log'!A5) -> DV-004 | B5: =IF(A5="","",'QC Log'!B5) -> Camera | C5: =IF(A5="","",'QC Log'!C5) -> GoPro Hero 9 | D5: =IF(A5="","",'QC Log'!I5) -> Fail | E5: =IF(A5="","",IF(D5="Pass","Passed",IF(D5="Fail","Rejected","In QC"))) -> Rejected | F5: Shelf B2 | G5: =IF(A5="","",'QC Log'!D5) -> 46308
A6: =IF('QC Log'!A6="","",'QC Log'!A6) -> DV-005 | B6: =IF(A6="","",'QC Log'!B6) -> SD Card | C6: =IF(A6="","",'QC Log'!C6) -> SanDisk 64GB | D6: =IF(A6="","",'QC Log'!I6) -> Pass | E6: =IF(A6="","",IF(D6="Pass","Passed",IF(D6="Fail","Rejected","In QC"))) -> Passed | F6: Drawer C1 | G6: =IF(A6="","",'QC Log'!D6) -> 46309
A7: =IF('QC Log'!A7="","",'QC Log'!A7) -> DV-006 | B7: =IF(A7="","",'QC Log'!B7) -> SD Card | C7: =IF(A7="","",'QC Log'!C7) -> Kingston 32GB | D7: =IF(A7="","",'QC Log'!I7) -> Pass | E7: =IF(A7="","",IF(D7="Pass","Passed",IF(D7="Fail","Rejected","In QC"))) -> Passed | F7: Drawer C1 | G7: =IF(A7="","",'QC Log'!D7) -> 46309
A8: =IF('QC Log'!A8="","",'QC Log'!A8) -> DV-007 | B8: =IF(A8="","",'QC Log'!B8) -> Cable | C8: =IF(A8="","",'QC Log'!C8) -> USB-C to USB-A | D8: =IF(A8="","",'QC Log'!I8) -> Fail | E8: =IF(A8="","",IF(D8="Pass","Passed",IF(D8="Fail","Rejected","In QC"))) -> Rejected | F8: Drawer C2 | G8: =IF(A8="","",'QC Log'!D8) -> 46309
A9: =IF('QC Log'!A9="","",'QC Log'!A9) -> DV-008 | B9: =IF(A9="","",'QC Log'!B9) -> Accessory | C9: =IF(A9="","",'QC Log'!C9) -> Tripod Stand | D9: =IF(A9="","",'QC Log'!I9) -> Fail | E9: =IF(A9="","",IF(D9="Pass","Passed",IF(D9="Fail","Rejected","In QC"))) -> Rejected | F9: Shelf B3 | G9: =IF(A9="","",'QC Log'!D9) -> 46310
A10: =IF('QC Log'!A10="","",'QC Log'!A10) | B10: =IF(A10="","",'QC Log'!B10) | C10: =IF(A10="","",'QC Log'!C10) | D10: =IF(A10="","",'QC Log'!I10) | E10: =IF(A10="","",IF(D10="Pass","Passed",IF(D10="Fail","Rejected","In QC"))) | G10: =IF(A10="","",'QC Log'!D10)
A11: =IF('QC Log'!A11="","",'QC Log'!A11) | B11: =IF(A11="","",'QC Log'!B11) | C11: =IF(A11="","",'QC Log'!C11) | D11: =IF(A11="","",'QC Log'!I11) | E11: =IF(A11="","",IF(D11="Pass","Passed",IF(D11="Fail","Rejected","In QC"))) | G11: =IF(A11="","",'QC Log'!D11)
A12: =IF('QC Log'!A12="","",'QC Log'!A12) | B12: =IF(A12="","",'QC Log'!B12) | C12: =IF(A12="","",'QC Log'!C12) | D12: =IF(A12="","",'QC Log'!I12) | E12: =IF(A12="","",IF(D12="Pass","Passed",IF(D12="Fail","Rejected","In QC"))) | G12: =IF(A12="","",'QC Log'!D12)
A13: =IF('QC Log'!A13="","",'QC Log'!A13) | B13: =IF(A13="","",'QC Log'!B13) | C13: =IF(A13="","",'QC Log'!C13) | D13: =IF(A13="","",'QC Log'!I13) | E13: =IF(A13="","",IF(D13="Pass","Passed",IF(D13="Fail","Rejected","In QC"))) | G13: =IF(A13="","",'QC Log'!D13)
A14: =IF('QC Log'!A14="","",'QC Log'!A14) | B14: =IF(A14="","",'QC Log'!B14) | C14: =IF(A14="","",'QC Log'!C14) | D14: =IF(A14="","",'QC Log'!I14) | E14: =IF(A14="","",IF(D14="Pass","Passed",IF(D14="Fail","Rejected","In QC"))) | G14: =IF(A14="","",'QC Log'!D14)
A15: =IF('QC Log'!A15="","",'QC Log'!A15) | B15: =IF(A15="","",'QC Log'!B15) | C15: =IF(A15="","",'QC Log'!C15) | D15: =IF(A15="","",'QC Log'!I15) | E15: =IF(A15="","",IF(D15="Pass","Passed",IF(D15="Fail","Rejected","In QC"))) | G15: =IF(A15="","",'QC Log'!D15)
A16: =IF('QC Log'!A16="","",'QC Log'!A16) | B16: =IF(A16="","",'QC Log'!B16) | C16: =IF(A16="","",'QC Log'!C16) | D16: =IF(A16="","",'QC Log'!I16) | E16: =IF(A16="","",IF(D16="Pass","Passed",IF(D16="Fail","Rejected","In QC"))) | G16: =IF(A16="","",'QC Log'!D16)
A17: =IF('QC Log'!A17="","",'QC Log'!A17) | B17: =IF(A17="","",'QC Log'!B17) | C17: =IF(A17="","",'QC Log'!C17) | D17: =IF(A17="","",'QC Log'!I17) | E17: =IF(A17="","",IF(D17="Pass","Passed",IF(D17="Fail","Rejected","In QC"))) | G17: =IF(A17="","",'QC Log'!D17)
A18: =IF('QC Log'!A18="","",'QC Log'!A18) | B18: =IF(A18="","",'QC Log'!B18) | C18: =IF(A18="","",'QC Log'!C18) | D18: =IF(A18="","",'QC Log'!I18) | E18: =IF(A18="","",IF(D18="Pass","Passed",IF(D18="Fail","Rejected","In QC"))) | G18: =IF(A18="","",'QC Log'!D18)
A19: =IF('QC Log'!A19="","",'QC Log'!A19) | B19: =IF(A19="","",'QC Log'!B19) | C19: =IF(A19="","",'QC Log'!C19) | D19: =IF(A19="","",'QC Log'!I19) | E19: =IF(A19="","",IF(D19="Pass","Passed",IF(D19="Fail","Rejected","In QC"))) | G19: =IF(A19="","",'QC Log'!D19)
A20: =IF('QC Log'!A20="","",'QC Log'!A20) | B20: =IF(A20="","",'QC Log'!B20) | C20: =IF(A20="","",'QC Log'!C20) | D20: =IF(A20="","",'QC Log'!I20) | E20: =IF(A20="","",IF(D20="Pass","Passed",IF(D20="Fail","Rejected","In QC"))) | G20: =IF(A20="","",'QC Log'!D20)
A21: =IF('QC Log'!A21="","",'QC Log'!A21) | B21: =IF(A21="","",'QC Log'!B21) | C21: =IF(A21="","",'QC Log'!C21) | D21: =IF(A21="","",'QC Log'!I21) | E21: =IF(A21="","",IF(D21="Pass","Passed",IF(D21="Fail","Rejected","In QC"))) | G21: =IF(A21="","",'QC Log'!D21)
... A200: =IF('QC Log'!A200="","",'QC Log'!A200) | B200: =IF(A200="","",'QC Log'!B200) | C200: =IF(A200="","",'QC Log'!C200) | D200: =IF(A200="","",'QC Log'!I200) | E200: =IF(A200="","",IF(D200="Pass","Passed",IF(D200="Fail","Rejected","In QC"))) | G200: =IF(A200="","",'QC Log'!D200)

Sheet Summary
A1: QC Summary
A3: Device Type | B3: Total Checked | C3: Pass | D3: Fail | E3: Pending | F3: Pass Rate
A4: Phone | B4: =COUNTIF('QC Log'!$B$2:$B$200,A4) -> 2 | C4: =COUNTIFS('QC Log'!$B$2:$B$200,A4,'QC Log'!$I$2:$I$200,"Pass") -> 1 | D4: =COUNTIFS('QC Log'!$B$2:$B$200,A4,'QC Log'!$I$2:$I$200,"Fail") -> 1 | E4: =COUNTIFS('QC Log'!$B$2:$B$200,A4,'QC Log'!$I$2:$I$200,"Pending") -> 0 | F4: =IF(B4=0,0,C4/B4) -> 0.5
A5: Camera | B5: =COUNTIF('QC Log'!$B$2:$B$200,A5) -> 2 | C5: =COUNTIFS('QC Log'!$B$2:$B$200,A5,'QC Log'!$I$2:$I$200,"Pass") -> 1 | D5: =COUNTIFS('QC Log'!$B$2:$B$200,A5,'QC Log'!$I$2:$I$200,"Fail") -> 1 | E5: =COUNTIFS('QC Log'!$B$2:$B$200,A5,'QC Log'!$I$2:$I$200,"Pending") -> 0 | F5: =IF(B5=0,0,C5/B5) -> 0.5
A6: SD Card | B6: =COUNTIF('QC Log'!$B$2:$B$200,A6) -> 2 | C6: =COUNTIFS('QC Log'!$B$2:$B$200,A6,'QC Log'!$I$2:$I$200,"Pass") -> 2 | D6: =COUNTIFS('QC Log'!$B$2:$B$200,A6,'QC Log'!$I$2:$I$200,"Fail") -> 0 | E6: =COUNTIFS('QC Log'!$B$2:$B$200,A6,'QC Log'!$I$2:$I$200,"Pending") -> 0 | F6: =IF(B6=0,0,C6/B6) -> 1
A7: Cable | B7: =COUNTIF('QC Log'!$B$2:$B$200,A7) -> 1 | C7: =COUNTIFS('QC Log'!$B$2:$B$200,A7,'QC Log'!$I$2:$I$200,"Pass") -> 0 | D7: =COUNTIFS('QC Log'!$B$2:$B$200,A7,'QC Log'!$I$2:$I$200,"Fail") -> 1 | E7: =COUNTIFS('QC Log'!$B$2:$B$200,A7,'QC Log'!$I$2:$I$200,"Pending") -> 0 | F7: =IF(B7=0,0,C7/B7) -> 0
A8: Accessory | B8: =COUNTIF('QC Log'!$B$2:$B$200,A8) -> 1 | C8: =COUNTIFS('QC Log'!$B$2:$B$200,A8,'QC Log'!$I$2:$I$200,"Pass") -> 0 | D8: =COUNTIFS('QC Log'!$B$2:$B$200,A8,'QC Log'!$I$2:$I$200,"Fail") -> 1 | E8: =COUNTIFS('QC Log'!$B$2:$B$200,A8,'QC Log'!$I$2:$I$200,"Pending") -> 0 | F8: =IF(B8=0,0,C8/B8) -> 0
A9: Total | B9: =SUM(B4:B8) -> 8 | C9: =SUM(C4:C8) -> 4 | D9: =SUM(D4:D8) -> 4 | E9: =SUM(E4:E8) -> 0 | F9: =IF(B9=0,0,C9/B9) -> 0.5
A11: Inventory status
A12: Status | B12: Count
A13: Passed | B13: =COUNTIF(Inventory!$E$2:$E$200,A13) -> 4
A14: Rejected | B14: =COUNTIF(Inventory!$E$2:$E$200,A14) -> 4
A15: In QC | B15: =COUNTIF(Inventory!$E$2:$E$200,A15) -> 0
